-- --------------------------------------------------------
-- Хост:                         127.0.0.1
-- Версия сервера:               5.6.13 - MySQL Community Server (GPL)
-- ОС Сервера:                   Win32
-- HeidiSQL Версия:              8.1.0.4583
-- --------------------------------------------------------

/*!40101 SET @OLD_CHARACTER_SET_CLIENT=@@CHARACTER_SET_CLIENT */;
/*!40101 SET NAMES utf8 */;
/*!40014 SET @OLD_FOREIGN_KEY_CHECKS=@@FOREIGN_KEY_CHECKS, FOREIGN_KEY_CHECKS=0 */;
/*!40101 SET @OLD_SQL_MODE=@@SQL_MODE, SQL_MODE='NO_AUTO_VALUE_ON_ZERO' */;
-- Дамп данных таблицы get_mac.arp_table_static: ~2 rows (приблизительно)
/*!40000 ALTER TABLE `arp_table_static` DISABLE KEYS */;
INSERT INTO `arp_table_static` (`id`, `commentary`, `host_ip`, `host_mac`, `host_name`) VALUES
	(1, '1', '10.1.1.1', '0017314b52f7', '1'),
	(2, '1', '10.1.1.2', '001a92463a39', '1'),
	(3, '1', '10.1.1.3', '0017314b52f7', '1');
/*!40000 ALTER TABLE `arp_table_static` ENABLE KEYS */;

-- Дамп данных таблицы get_mac.device: ~90 rows (приблизительно)
/*!40000 ALTER TABLE `device` DISABLE KEYS */;
INSERT INTO `device` (`id`, `device_ip`, `device_name`, `device_passw`, `device_username`, `switch_enable`, `id_device_type`) VALUES
	(43, '192.168.1.2', 'device2', 'test', 'test', b'1', 4),
	(44, '192.168.1.3', 'device3', 'test', 'test', b'1', 4),
	(45, '192.168.1.4', 'device4', 'test', 'test', b'1', 4),
	(47, '192.168.1.5', 'device5', 'test', 'test', b'1', 4),
	(48, '192.168.1.6', 'device6', 'test', 'test', b'1', 4),
	(49, '192.168.1.7', 'device7', 'test', 'test', b'1', 4),
	(50, '192.168.1.8', 'device8', 'test', 'test', b'1', 4),
	(51, '192.168.1.9', 'device9', 'test', 'test', b'1', 4),
	(52, '192.168.1.10', 'device10', 'test', 'test', b'1', 4),
	(53, '192.168.1.11', 'device11', 'test', 'test', b'1', 4),
	(54, '192.168.1.12', 'device12', 'test', 'test', b'1', 4),
	(55, '192.168.1.13', 'device13', 'test', 'test', b'1', 4),
	(56, '192.168.1.14', 'device14', 'test', 'test', b'1', 4),
	(57, '192.168.1.15', 'device15', 'test', 'test', b'1', 4),
	(68, '192.168.1.16', 'device16', 'test', 'test', b'1', 4),
	(69, '192.168.1.17', 'device17', 'test', 'test', b'1', 4),
	(70, '192.168.1.18', 'device18', 'test', 'test', b'1', 4),
	(71, '192.168.1.19', 'device19', 'test', 'test', b'1', 4),
	(72, '192.168.1.20', 'device20', 'test', 'test', b'1', 4),
	(73, '192.168.1.21', 'device21', 'test', 'test', b'1', 4),
	(74, '192.168.1.22', 'device22', 'test', 'test', b'1', 4),
	(75, '192.168.1.23', 'device23', 'test', 'test', b'1', 4),
	(76, '192.168.1.24', 'device24', 'test', 'test', b'1', 4),
	(78, '192.168.1.25', 'device25', 'test', 'test', b'1', 4),
	(80, '192.168.1.26', 'device26', 'test', 'test', b'1', 4),
	(81, '192.168.1.27', 'device27', 'test', 'test', b'1', 4),
	(82, '192.168.1.28', 'device28', 'test', 'test', b'1', 4),
	(83, '192.168.1.29', 'device29', 'test', 'test', b'1', 4),
	(84, '192.168.1.30', 'device30', 'test', 'test', b'1', 4),
	(85, '192.168.1.31', 'device31', 'test', 'test', b'1', 4),
	(86, '192.168.1.32', 'device32', 'test', 'test', b'1', 4),
	(87, '192.168.1.33', 'device33', 'test', 'test', b'1', 4),
	(88, '192.168.1.34', 'device34', 'test', 'test', b'1', 4),
	(89, '192.168.1.35', 'device35', 'test', 'test', b'1', 4),
	(90, '192.168.1.36', 'device36', 'test', 'test', b'1', 4),
	(91, '192.168.1.37', 'device37', 'test', 'test', b'1', 4),
	(92, '192.168.1.38', 'device38', 'test', 'test', b'1', 4),
	(93, '192.168.1.39', 'device39', 'test', 'test', b'1', 4),
	(94, '192.168.1.40', 'device40', 'test', 'test', b'1', 4),
	(95, '192.168.1.41', 'device41', 'test', 'test', b'1', 4),
	(96, '192.168.1.42', 'device42', 'test', 'test', b'1', 4),
	(97, '192.168.1.43', 'device43', 'test', 'test', b'1', 4),
	(99, '192.168.1.44', 'device44', 'test', 'test', b'1', 4),
	(100, '192.168.1.45', 'device45', 'test', 'test', b'1', 4),
	(101, '192.168.1.46', 'device46', 'test', 'test', b'1', 4),
	(103, '192.168.1.47', 'device47', 'test', 'test', b'1', 4),
	(105, '192.168.1.48', 'device48', 'test', 'test', b'1', 4),
	(106, '192.168.1.49', 'device49', 'test', 'test', b'1', 4),
	(107, '192.168.1.50', 'device50', 'test', 'test', b'1', 4),
	(108, '192.168.1.51', 'device51', 'test', 'test', b'1', 4),
	(109, '192.168.1.52', 'device52', 'test', 'test', b'1', 4),
	(110, '192.168.1.53', 'device53', 'test', 'test', b'1', 4),
	(111, '192.168.1.54', 'device54', 'test', 'test', b'1', 4),
	(112, '192.168.1.55', 'device55', 'test', 'test', b'1', 4),
	(113, '192.168.1.56', 'device56', 'test', 'test', b'1', 4),
	(114, '192.168.1.57', 'device57', 'test', 'test', b'1', 4),
	(115, '192.168.1.58', 'device58', 'test', 'test', b'1', 4),
	(116, '192.168.1.59', 'device59', 'test', 'test', b'1', 4),
	(117, '192.168.1.60', 'device60', 'test', 'test', b'1', 4),
	(118, '192.168.1.61', 'device61', 'test', 'test', b'1', 4),
	(119, '192.168.1.62', 'device62', 'test', 'test', b'1', 4),
	(120, '192.168.1.63', 'device63', 'test', 'test', b'1', 4),
	(121, '192.168.1.64', 'device64', 'test', 'test', b'1', 4),
	(122, '192.168.1.65', 'device65', 'test', 'test', b'1', 4),
	(123, '192.168.1.66', 'device66', 'test', 'test', b'1', 4),
	(124, '192.168.1.67', 'device67', 'test', 'test', b'1', 4),
	(125, '192.168.1.68', 'device68', 'test', 'test', b'1', 4),
	(126, '192.168.1.69', 'device69', 'test', 'test', b'1', 4),
	(127, '192.168.1.70', 'device70', 'test', 'test', b'1', 4),
	(128, '192.168.1.71', 'device71', 'test', 'test', b'1', 4),
	(130, '192.168.1.72', 'device72', 'test', 'test', b'1', 4),
	(131, '192.168.1.73', 'device73', 'test', 'test', b'1', 4),
	(132, '192.168.1.74', 'device74', 'test', 'test', b'1', 4),
	(133, '192.168.1.75', 'device75', 'test', 'test', b'1', 4),
	(134, '192.168.1.76', 'device76', 'test', 'test', b'1', 4),
	(135, '192.168.1.77', 'device77', 'test', 'test', b'1', 2),
	(139, '192.168.1.78', 'device78', 'test', 'test', b'1', 1),
	(140, '192.168.1.79', 'device79', 'test', 'test', b'1', 2),
	(141, '192.168.1.80', 'device80', 'test', 'test', b'1', 2),
	(143, '192.168.1.81', 'device81', 'test', 'test', b'1', 4),
	(144, '192.168.1.82', 'device82', 'test', 'test', b'1', 4),
	(145, '192.168.1.83', 'device83', 'test', 'test', b'1', 4),
	(146, '192.168.1.84', 'device84', 'test', 'test', b'1', 4),
	(147, '192.168.1.85', 'device85', 'test', 'test', b'1', 4),
	(148, '192.168.1.86', 'device86', 'test', 'test', b'1', 4),
	(149, '192.168.1.87', 'device87', 'test', 'test', b'1', 4),
	(150, '192.168.1.88', 'device88', 'test', 'test', b'1', 1),
	(153, '1', '1', '1', '1', b'1', 1);
/*!40000 ALTER TABLE `device` ENABLE KEYS */;

-- Дамп данных таблицы get_mac.device_type: ~4 rows (приблизительно)
/*!40000 ALTER TABLE `device_type` DISABLE KEYS */;
INSERT INTO `device_type` (`id`, `device_type`) VALUES
	(1, 'catalyst_telnet'),
	(2, 'hp_telnet'),
	(3, 'catalyst_mac_telnet'),
	(4, 'ssg_5_telnet');
/*!40000 ALTER TABLE `device_type` ENABLE KEYS */;

-- Дамп данных таблицы get_mac.dhcp_table: ~220 rows (приблизительно)
/*!40000 ALTER TABLE `dhcp_table` DISABLE KEYS */;
INSERT INTO `dhcp_table` (`id`, `description`, `duration`, `ip_Address`, `mac_address`, `name`, `ip_type`, `politics`, `profile`, `securityAccess`, `termination`) VALUES
	(1, 'test', 'test', 'test', 'test', 'test', 'test', 'test', 'test', 'test', 'test'),
	(3, '', 'Н/Д', '10.10.10.1', 'c84c7581e940', 'host1', 'DHCP', '', 'Нет', 'Полный доступ', '03.06.14 07:52'),
	(4, '', 'Н/Д', '10.10.10.2', 'c84c7581e941', 'host2', 'DHCP', '', 'Нет', 'Полный доступ', 'Резервирование (активное)'),
	(5, '', 'Н/Д', '10.10.10.3', 'c84c7581e942', 'host3', 'DHCP', '', 'Нет', 'Полный доступ', '03.06.14 08:46'),
	(6, '', 'Н/Д', '10.10.10.4', 'c84c7581e943', 'host4', 'DHCP', '', 'Нет', 'Полный доступ', '03.06.14 07:34'),
	(7, '', 'Н/Д', '10.10.10.5', 'c84c7581e944', 'host5', 'DHCP', '', 'Нет', 'Полный доступ', '03.06.14 08:58'),
	(8, '', 'Н/Д', '10.10.10.6', 'c84c7581e945', 'host6', 'DHCP', '', 'Нет', 'Полный доступ', '03.06.14 08:34'),
	(9, '', 'Н/Д', '10.10.10.7', 'c84c7581e946', 'host7', 'DHCP', '', 'Нет', 'Полный доступ', '03.06.14 08:39'),
	(10, '', 'Н/Д', '10.10.10.8', 'c84c7581e947', 'host8', 'DHCP', '', 'Нет', 'Полный доступ', '03.06.14 08:19'),
	(11, '', 'Н/Д', '10.10.10.9', 'c84c7581e948', 'host9', 'Нет', '', 'Нет', 'Полный доступ', 'Резервирование (не активное)'),
	(12, '', 'Н/Д', '10.10.10.10', 'c84c7581e949', 'host10', 'Нет', '', 'Нет', 'Полный доступ', 'Резервирование (не активное)'),
	(13, '', 'Н/Д', '10.10.10.11', 'c84c7581e950', 'host11', 'DHCP', '', 'Нет', 'Полный доступ', '03.06.14 08:34'),
	(14, '', 'Н/Д', '10.10.10.12', 'c84c7581e951', 'host12', 'DHCP', '', 'Нет', 'Полный доступ', '01.06.14 09:42'),
	(15, '', 'Н/Д', '10.10.10.13', 'c84c7581e952', 'host13', 'DHCP', '', 'Нет', 'Полный доступ', '30.05.14 10:17'),
	(16, '', 'Н/Д', '10.10.10.14', 'c84c7581e953', 'host14', 'DHCP', '', 'Нет', 'Полный доступ', '03.06.14 08:12'),
	(17, '', 'Н/Д', '10.10.10.15', 'c84c7581e954', 'host15', 'DHCP', '', 'Нет', 'Полный доступ', '03.06.14 09:03'),
	(18, '', 'Н/Д', '10.10.10.16', 'c84c7581e955', 'host16', 'DHCP', '', 'Нет', 'Полный доступ', 'Резервирование (активное)'),
	(19, '', 'Н/Д', '10.10.10.17', 'c84c7581e956', 'host17', 'DHCP', '', 'Нет', 'Полный доступ', '03.06.14 07:52'),
	(20, '', 'Н/Д', '10.10.10.18', 'c84c7581e957', 'host18', 'DHCP', '', 'Нет', 'Полный доступ', '03.06.14 08:21'),
	(21, '', 'Н/Д', '10.10.10.19', 'c84c7581e958', 'host19', 'DHCP', '', 'Нет', 'Полный доступ', '01.06.14 09:42'),
	(22, '', 'Н/Д', '10.10.10.20', 'c84c7581e959', 'host20', 'DHCP', '', 'Нет', 'Полный доступ', '30.05.14 10:38'),
	(23, '', 'Н/Д', '10.10.10.21', 'c84c7581e960', 'host21', 'DHCP', '', 'Нет', 'Полный доступ', '03.06.14 08:15'),
	(24, '', 'Н/Д', '10.10.10.22', 'c84c7581e961', 'host22', 'DHCP', '', 'Нет', 'Полный доступ', '03.06.14 08:59'),
	(25, '', 'Н/Д', '10.10.10.23', 'c84c7581e962', 'host23', 'DHCP', '', 'Нет', 'Полный доступ', '03.06.14 07:39'),
	(26, '', 'Н/Д', '10.10.10.24', 'c84c7581e963', 'host24', 'DHCP', '', 'Нет', 'Полный доступ', '02.06.14 19:46'),
	(27, '', 'Н/Д', '10.10.10.25', 'c84c7581e964', 'host25', 'DHCP', '', 'Нет', 'Полный доступ', '03.06.14 08:12'),
	(28, '', 'Н/Д', '10.10.10.26', 'c84c7581e965', 'host26', 'DHCP', '', 'Нет', 'Полный доступ', '01.06.14 12:50'),
	(29, '', 'Н/Д', '10.10.10.27', 'c84c7581e966', 'host27', 'DHCP', '', 'Нет', 'Полный доступ', '01.06.14 09:42'),
	(30, '', 'Н/Д', '10.10.10.28', 'c84c7581e967', 'host28', 'DHCP', '', 'Нет', 'Полный доступ', '03.06.14 07:48'),
	(31, '', 'Н/Д', '10.10.10.29', 'c84c7581e968', 'host29', 'DHCP', '', 'Нет', 'Полный доступ', '03.06.14 08:02'),
	(32, '', 'Н/Д', '10.10.10.30', 'c84c7581e969', 'host30', 'DHCP', '', 'Нет', 'Полный доступ', '03.06.14 07:22'),
	(33, '', 'Н/Д', '10.10.10.31', 'c84c7581e970', 'host31', 'DHCP', '', 'Нет', 'Полный доступ', '03.06.14 08:32'),
	(34, '', 'Н/Д', '10.10.10.32', 'c84c7581e971', 'host32', 'DHCP', '', 'Нет', 'Полный доступ', '03.06.14 08:20'),
	(35, '', 'Н/Д', '10.10.10.33', 'c84c7581e972', 'host33', 'DHCP', '', 'Нет', 'Полный доступ', '01.06.14 09:42'),
	(36, '', 'Н/Д', '10.10.10.34', 'c84c7581e973', 'host34', 'DHCP', '', 'Нет', 'Полный доступ', '03.06.14 07:18'),
	(37, '', 'Н/Д', '10.10.10.35', 'c84c7581e974', 'host35', 'DHCP', '', 'Нет', 'Полный доступ', '03.06.14 08:24'),
	(38, '', 'Н/Д', '10.10.10.36', 'c84c7581e975', 'host36', 'DHCP', '', 'Нет', 'Полный доступ', '28.05.14 08:44'),
	(39, '', 'Н/Д', '10.10.10.37', 'c84c7581e976', 'host37', 'DHCP', '', 'Нет', 'Полный доступ', '03.06.14 08:34'),
	(40, '', 'Н/Д', '10.10.10.38', 'c84c7581e977', 'host38', 'DHCP', '', 'Нет', 'Полный доступ', '03.06.14 07:52'),
	(41, '', 'Н/Д', '10.10.10.39', 'c84c7581e978', 'host39', 'DHCP', '', 'Нет', 'Полный доступ', '03.06.14 08:35'),
	(42, '', 'Н/Д', '10.10.10.40', 'c84c7581e979', 'host40', 'Нет', '', 'Нет', 'Полный доступ', 'Резервирование (не активное)'),
	(43, '', 'Н/Д', '10.10.10.41', 'c84c7581e980', 'host41', 'DHCP', '', 'Нет', 'Полный доступ', '03.06.14 08:58'),
	(44, '', 'Н/Д', '10.10.10.42', 'c84c7581e981', 'host42', 'DHCP', '', 'Нет', 'Полный доступ', '03.06.14 08:10'),
	(45, '', 'Н/Д', '10.10.10.43', 'c84c7581e982', 'host43', 'DHCP', '', 'Нет', 'Полный доступ', '03.06.14 08:14'),
	(46, '', 'Н/Д', '10.10.10.44', 'c84c7581e983', 'host44', 'DHCP', '', 'Нет', 'Полный доступ', '03.06.14 08:36'),
	(47, '', 'Н/Д', '10.10.10.45', 'c84c7581e984', 'host45', 'DHCP', '', 'Нет', 'Полный доступ', '01.06.14 09:42'),
	(48, '', 'Н/Д', '10.10.10.46', 'c84c7581e985', 'host46', 'DHCP', '', 'Нет', 'Полный доступ', '29.05.14 08:09'),
	(49, '', 'Н/Д', '10.10.10.47', 'c84c7581e986', 'host47', 'DHCP', '', 'Нет', 'Полный доступ', '31.05.14 07:59'),
	(50, '', 'Н/Д', '10.10.10.48', 'c84c7581e987', 'host48', 'DHCP', '', 'Нет', 'Полный доступ', '03.06.14 07:37'),
	(51, '', 'Н/Д', '10.10.10.49', 'c84c7581e988', 'host49', 'DHCP', '', 'Нет', 'Полный доступ', '01.06.14 09:42'),
	(52, '', 'Н/Д', '10.10.10.50', 'c84c7581e989', 'host50', 'DHCP', '', 'Нет', 'Полный доступ', '30.05.14 15:24'),
	(53, '', 'Н/Д', '10.10.10.51', 'c84c7581e990', 'host51', 'DHCP', '', 'Нет', 'Полный доступ', '03.06.14 08:34'),
	(54, '', 'Н/Д', '10.10.10.52', 'c84c7581e991', 'host52', 'DHCP', '', 'Нет', 'Полный доступ', '03.06.14 07:53'),
	(55, '', 'Н/Д', '10.10.10.53', 'c84c7581e992', 'host53', 'DHCP', '', 'Нет', 'Полный доступ', '03.06.14 08:14'),
	(56, '', 'Н/Д', '10.10.10.54', 'c84c7581e993', 'host54', 'DHCP', '', 'Нет', 'Полный доступ', '03.06.14 07:59'),
	(57, '', 'Н/Д', '10.10.10.55', 'c84c7581e994', 'host55', 'DHCP', '', 'Нет', 'Полный доступ', '03.06.14 08:22'),
	(58, '', 'Н/Д', '10.10.10.56', 'c84c7581e995', 'host56', 'DHCP', '', 'Нет', 'Полный доступ', '03.06.14 08:14'),
	(59, '', 'Н/Д', '10.10.10.57', 'c84c7581e996', 'host57', 'DHCP', '', 'Нет', 'Полный доступ', '03.06.14 08:31'),
	(60, '', 'Н/Д', '10.10.10.58', 'c84c7581e997', 'host58', 'DHCP', '', 'Нет', 'Полный доступ', '03.06.14 09:01'),
	(61, '', 'Н/Д', '10.10.10.59', 'c84c7581e998', 'host59', 'DHCP', '', 'Нет', 'Полный доступ', '31.05.14 08:35'),
	(62, '', 'Н/Д', '10.10.10.60', 'c84c7581e999', 'host60', 'DHCP', '', 'Нет', 'Полный доступ', '03.06.14 07:49'),
	(63, '', 'Н/Д', '10.10.10.61', 'c84c7581e1000', 'host61', 'DHCP', '', 'Нет', 'Полный доступ', '03.06.14 08:01'),
	(64, '', 'Н/Д', '10.10.10.62', 'c84c7581e1001', 'host62', 'DHCP', '', 'Нет', 'Полный доступ', '31.05.14 07:59'),
	(65, '', 'Н/Д', '10.10.10.63', 'c84c7581e1002', 'host63', 'DHCP', '', 'Нет', 'Полный доступ', '31.05.14 08:29'),
	(66, '', 'Н/Д', '10.10.10.64', 'c84c7581e1003', 'host64', 'DHCP', '', 'Нет', 'Полный доступ', '03.06.14 08:51'),
	(67, '', 'Н/Д', '10.10.10.65', 'c84c7581e1004', 'host65', 'DHCP', '', 'Нет', 'Полный доступ', '31.05.14 10:22'),
	(68, '', 'Н/Д', '10.10.10.66', 'c84c7581e1005', 'host66', 'DHCP', '', 'Нет', 'Полный доступ', '01.06.14 10:16'),
	(69, '', 'Н/Д', '10.10.10.67', 'c84c7581e1006', 'host67', 'DHCP', '', 'Нет', 'Полный доступ', '28.05.14 07:44'),
	(70, '', 'Н/Д', '10.10.10.68', 'c84c7581e1007', 'host68', 'DHCP', '', 'Нет', 'Полный доступ', '02.06.14 18:14'),
	(71, '', 'Н/Д', '10.10.10.69', 'c84c7581e1008', 'host69', 'DHCP', '', 'Нет', 'Полный доступ', 'Резервирование (активное)'),
	(72, '', 'Н/Д', '10.10.10.70', 'c84c7581e1009', 'host70', 'Нет', '', 'Нет', 'Полный доступ', 'Резервирование (не активное)'),
	(73, '', 'Н/Д', '10.10.10.71', 'c84c7581e1010', 'host71', 'DHCP', '', 'Нет', 'Полный доступ', '03.06.14 08:33'),
	(74, '', 'Н/Д', '10.10.10.72', 'c84c7581e1011', 'host72', 'DHCP', '', 'Нет', 'Полный доступ', '26.05.14 10:05'),
	(75, '', 'Н/Д', '10.10.10.73', 'c84c7581e1012', 'host73', 'DHCP', '', 'Нет', 'Полный доступ', '03.06.14 08:06'),
	(76, '', 'Н/Д', '10.10.10.74', 'c84c7581e1013', 'host74', 'DHCP', '', 'Нет', 'Полный доступ', '30.05.14 09:55'),
	(77, '', 'Н/Д', '10.10.10.75', 'c84c7581e1014', 'host75', 'DHCP', '', 'Нет', 'Полный доступ', '02.06.14 19:24'),
	(78, '', 'Н/Д', '10.10.10.76', 'c84c7581e1015', 'host76', 'DHCP', '', 'Нет', 'Полный доступ', '03.06.14 08:34'),
	(79, '', 'Н/Д', '10.10.10.77', 'c84c7581e1016', 'host77', 'Нет', '', 'Нет', 'Полный доступ', 'Резервирование (не активное)'),
	(80, '', 'Н/Д', '10.10.10.78', 'c84c7581e1017', 'host78', 'DHCP', '', 'Нет', 'Полный доступ', '31.05.14 09:15'),
	(81, '', 'Н/Д', '10.10.10.79', 'c84c7581e1018', 'host79', 'DHCP', '', 'Нет', 'Полный доступ', '03.06.14 08:52'),
	(82, '', 'Н/Д', '10.10.10.80', 'c84c7581e1019', 'host80', 'DHCP', '', 'Нет', 'Полный доступ', '31.05.14 08:37'),
	(83, '', 'Н/Д', '10.10.10.81', 'c84c7581e1020', 'host81', 'DHCP', '', 'Нет', 'Полный доступ', '03.06.14 08:12'),
	(84, '', 'Н/Д', '10.10.10.82', 'c84c7581e1021', 'host82', 'DHCP', '', 'Нет', 'Полный доступ', '03.06.14 08:37'),
	(85, '', 'Н/Д', '10.10.10.83', 'c84c7581e1022', 'host83', 'DHCP', '', 'Нет', 'Полный доступ', '03.06.14 07:56'),
	(86, '', 'Н/Д', '10.10.10.84', 'c84c7581e1023', 'host84', 'DHCP', '', 'Нет', 'Полный доступ', '03.06.14 07:54'),
	(87, '', 'Н/Д', '10.10.10.85', 'c84c7581e1024', 'host85', 'DHCP', '', 'Нет', 'Полный доступ', '03.06.14 08:32'),
	(88, '', 'Н/Д', '10.10.10.86', 'c84c7581e1025', 'host86', 'DHCP', '', 'Нет', 'Полный доступ', '03.06.14 08:36'),
	(89, '', 'Н/Д', '10.10.10.87', 'c84c7581e1026', 'host87', 'DHCP', '', 'Нет', 'Полный доступ', '31.05.14 12:00'),
	(90, '', 'Н/Д', '10.10.10.88', 'c84c7581e1027', 'host88', 'DHCP', '', 'Нет', 'Полный доступ', '31.05.14 07:42'),
	(91, '', 'Н/Д', '10.10.10.89', 'c84c7581e940', 'host89', 'DHCP', '', 'Нет', 'Полный доступ', 'Резервирование (активное)'),
	(92, '', 'Н/Д', '10.10.10.90', 'c84c7581e941', 'host90', 'DHCP', '', 'Нет', 'Полный доступ', '03.06.14 07:54'),
	(93, '', 'Н/Д', '10.10.10.91', 'c84c7581e942', 'host91', 'DHCP', '', 'Нет', 'Полный доступ', '03.06.14 08:35'),
	(94, '', 'Н/Д', '10.10.10.92', 'c84c7581e943', 'host92', 'DHCP', '', 'Нет', 'Полный доступ', 'Резервирование (активное)'),
	(95, '', 'Н/Д', '10.10.10.93', 'c84c7581e944', 'host93', 'Нет', '', 'Нет', 'Полный доступ', 'Резервирование (не активное)'),
	(96, '', 'Н/Д', '10.10.10.94', 'c84c7581e945', 'host94', 'DHCP', '', 'Нет', 'Полный доступ', '03.06.14 08:20'),
	(97, '', 'Н/Д', '10.10.10.95', 'c84c7581e946', 'host95', 'DHCP', '', 'Нет', 'Полный доступ', '03.06.14 07:57'),
	(98, '', 'Н/Д', '10.10.10.96', 'c84c7581e947', 'host96', 'DHCP', '', 'Нет', 'Полный доступ', '03.06.14 07:57'),
	(99, '', 'Н/Д', '10.10.10.97', 'c84c7581e948', 'host97', 'DHCP', '', 'Нет', 'Полный доступ', '03.06.14 07:57'),
	(100, '', 'Н/Д', '10.10.10.98', 'c84c7581e949', 'host98', 'DHCP', '', 'Нет', 'Полный доступ', '28.05.14 08:56'),
	(101, '', 'Н/Д', '10.10.10.99', 'c84c7581e950', 'host99', 'DHCP', '', 'Нет', 'Полный доступ', '30.05.14 08:33'),
	(102, '', 'Н/Д', '10.10.10.100', 'c84c7581e951', 'host100', 'DHCP', '', 'Нет', 'Полный доступ', '03.06.14 07:53'),
	(103, '', 'Н/Д', '10.10.10.101', 'c84c7581e952', 'host101', 'DHCP', '', 'Нет', 'Полный доступ', '03.06.14 08:01'),
	(104, '', 'Н/Д', '10.10.10.102', 'c84c7581e953', 'host102', 'DHCP', '', 'Нет', 'Полный доступ', '03.06.14 08:01'),
	(105, '', 'Н/Д', '10.10.10.103', 'c84c7581e954', 'host103', 'DHCP', '', 'Нет', 'Полный доступ', '03.06.14 08:27'),
	(106, '', 'Н/Д', '10.10.10.104', 'c84c7581e955', 'host104', 'DHCP', '', 'Нет', 'Полный доступ', '03.06.14 08:06'),
	(107, '', 'Н/Д', '10.10.10.105', 'c84c7581e956', 'host105', 'DHCP', '', 'Нет', 'Полный доступ', '31.05.14 08:05'),
	(108, '', 'Н/Д', '10.10.10.106', 'c84c7581e957', 'host106', 'DHCP', '', 'Нет', 'Полный доступ', '30.05.14 08:03'),
	(109, '', 'Н/Д', '10.10.10.107', 'c84c7581e958', 'host107', 'DHCP', '', 'Нет', 'Полный доступ', '31.05.14 08:26'),
	(110, '', 'Н/Д', '10.10.10.108', 'c84c7581e959', 'host108', 'DHCP', '', 'Нет', 'Полный доступ', '29.05.14 09:19'),
	(111, '', 'Н/Д', '10.10.10.109', 'c84c7581e960', 'host109', 'DHCP', '', 'Нет', 'Полный доступ', '31.05.14 11:34'),
	(112, '', 'Н/Д', '10.10.10.110', 'c84c7581e961', 'host110', 'DHCP', '', 'Нет', 'Полный доступ', '30.05.14 08:09'),
	(113, '', 'Н/Д', '10.10.10.111', 'c84c7581e962', 'host111', 'Нет', '', 'Нет', 'Полный доступ', 'Резервирование (не активное)'),
	(114, '', 'Н/Д', '10.10.10.112', 'c84c7581e963', 'host112', 'Нет', '', 'Нет', 'Полный доступ', 'Резервирование (не активное)'),
	(115, '', 'Н/Д', '10.10.10.113', 'c84c7581e964', 'host113', 'DHCP', '', 'Нет', 'Полный доступ', '03.06.14 08:30'),
	(116, '', 'Н/Д', '10.10.10.114', 'c84c7581e965', 'host114', 'DHCP', '', 'Нет', 'Полный доступ', '03.06.14 08:34'),
	(117, '', 'Н/Д', '10.10.10.115', 'c84c7581e966', 'host115', 'Нет', '', 'Нет', 'Полный доступ', 'Резервирование (не активное)'),
	(118, '', 'Н/Д', '10.10.10.116', 'c84c7581e967', 'host116', 'Нет', '', 'Нет', 'Полный доступ', 'Резервирование (не активное)'),
	(119, '', 'Н/Д', '10.10.10.117', 'c84c7581e968', 'host117', 'DHCP', '', 'Нет', 'Полный доступ', '31.05.14 13:09'),
	(120, '', 'Н/Д', '10.10.10.118', 'c84c7581e969', 'host118', 'Нет', '', 'Нет', 'Полный доступ', 'Резервирование (не активное)'),
	(121, '', 'Н/Д', '10.10.10.119', 'c84c7581e970', 'host119', 'Нет', '', 'Нет', 'Полный доступ', 'Резервирование (не активное)'),
	(122, '', 'Н/Д', '10.10.10.120', 'c84c7581e971', 'host120', 'DHCP', '', 'Нет', 'Полный доступ', '01.06.14 09:42'),
	(123, '', 'Н/Д', '10.10.10.121', 'c84c7581e972', 'host121', 'DHCP', '', 'Нет', 'Полный доступ', '31.05.14 11:25'),
	(124, '', 'Н/Д', '10.10.10.122', 'c84c7581e973', 'host122', 'Нет', '', 'Нет', 'Полный доступ', 'Резервирование (не активное)'),
	(125, '', 'Н/Д', '10.10.10.123', 'c84c7581e974', 'host123', 'Нет', '', 'Нет', 'Полный доступ', 'Резервирование (не активное)'),
	(126, '', 'Н/Д', '10.10.10.124', 'c84c7581e975', 'host124', 'DHCP', '', 'Нет', 'Полный доступ', '27.05.14 15:44'),
	(127, '', 'Н/Д', '10.10.10.125', 'c84c7581e976', 'host125', 'DHCP', '', 'Нет', 'Полный доступ', '02.06.14 09:12'),
	(128, '', 'Н/Д', '10.10.10.126', 'c84c7581e977', 'host126', 'DHCP', '', 'Нет', 'Полный доступ', '03.06.14 08:38'),
	(129, '', 'Н/Д', '10.10.10.127', 'c84c7581e978', 'host127', 'DHCP', '', 'Нет', 'Полный доступ', '01.06.14 09:42'),
	(130, '', 'Н/Д', '10.10.10.128', 'c84c7581e979', 'host128', 'DHCP', '', 'Нет', 'Полный доступ', '03.06.14 08:34'),
	(131, '', 'Н/Д', '10.10.10.129', 'c84c7581e980', 'host129', 'DHCP', '', 'Нет', 'Полный доступ', '03.06.14 07:56'),
	(132, '', 'Н/Д', '10.10.10.130', 'c84c7581e981', 'host130', 'DHCP', '', 'Нет', 'Полный доступ', '03.06.14 08:25'),
	(133, '', 'Н/Д', '10.10.10.131', 'c84c7581e982', 'host131', 'DHCP', '', 'Нет', 'Полный доступ', '28.05.14 08:44'),
	(134, '', 'Н/Д', '10.10.10.132', 'c84c7581e983', 'host132', 'DHCP', '', 'Нет', 'Полный доступ', '03.06.14 08:39'),
	(135, '', 'Н/Д', '10.10.10.133', 'c84c7581e984', 'host133', 'DHCP', '', 'Нет', 'Полный доступ', '03.06.14 08:37'),
	(136, '', 'Н/Д', '10.10.10.134', 'c84c7581e985', 'host134', 'DHCP', '', 'Нет', 'Полный доступ', '03.06.14 08:36'),
	(137, '', 'Н/Д', '10.10.10.135', 'c84c7581e986', 'host135', 'DHCP', '', 'Нет', 'Полный доступ', '31.05.14 13:26'),
	(138, '', 'Н/Д', '10.10.10.136', 'c84c7581e987', 'host136', 'DHCP', '', 'Нет', 'Полный доступ', '03.06.14 08:36'),
	(139, '', 'Н/Д', '10.10.10.137', 'c84c7581e988', 'host137', 'DHCP', '', 'Нет', 'Полный доступ', '01.06.14 09:42'),
	(140, '', 'Н/Д', '10.10.10.138', 'c84c7581e989', 'host138', 'DHCP', '', 'Нет', 'Полный доступ', '03.06.14 08:24'),
	(141, '', 'Н/Д', '10.10.10.139', 'c84c7581e990', 'host139', 'DHCP', '', 'Нет', 'Полный доступ', '31.05.14 08:09'),
	(142, '', 'Н/Д', '10.10.10.140', 'c84c7581e991', 'host140', 'DHCP', '', 'Нет', 'Полный доступ', '01.06.14 09:42'),
	(143, '', 'Н/Д', '10.10.10.141', 'c84c7581e992', 'host141', 'DHCP', '', 'Нет', 'Полный доступ', '31.05.14 14:07'),
	(144, '', 'Н/Д', '10.10.10.142', 'c84c7581e993', 'host142', 'DHCP', '', 'Нет', 'Полный доступ', '03.06.14 08:33'),
	(145, '', 'Н/Д', '10.10.10.143', 'c84c7581e994', 'host143', 'DHCP', '', 'Нет', 'Полный доступ', '28.05.14 08:20'),
	(146, '', 'Н/Д', '10.10.10.144', 'c84c7581e995', 'host144', 'DHCP', '', 'Нет', 'Полный доступ', '03.06.14 08:44'),
	(147, '', 'Н/Д', '10.10.10.145', 'c84c7581e996', 'host145', 'DHCP', '', 'Нет', 'Полный доступ', '31.05.14 08:28'),
	(148, '', 'Н/Д', '10.10.10.146', 'c84c7581e997', 'host146', 'Нет', '', 'Нет', 'Полный доступ', 'Резервирование (не активное)'),
	(149, '', 'Н/Д', '10.10.10.147', 'c84c7581e998', 'host147', 'DHCP', '', 'Нет', 'Полный доступ', '03.06.14 08:33'),
	(150, '', 'Н/Д', '10.10.10.148', 'c84c7581e999', 'host148', 'DHCP', '', 'Нет', 'Полный доступ', '03.06.14 08:33'),
	(151, '', 'Н/Д', '10.10.10.149', 'c84c7581e1000', 'host149', 'DHCP', '', 'Нет', 'Полный доступ', '31.05.14 09:27'),
	(152, '', 'Н/Д', '10.10.10.150', 'c84c7581e1001', 'host150', 'DHCP', '', 'Нет', 'Полный доступ', '31.05.14 08:15'),
	(153, '', 'Н/Д', '10.10.10.151', 'c84c7581e1002', 'host151', 'DHCP', '', 'Нет', 'Полный доступ', '03.06.14 08:26'),
	(154, '', 'Н/Д', '10.10.10.152', 'c84c7581e1003', 'host152', 'DHCP', '', 'Нет', 'Полный доступ', '03.06.14 08:33'),
	(155, '', 'Н/Д', '10.10.10.153', 'c84c7581e1004', 'host153', 'DHCP', '', 'Нет', 'Полный доступ', '03.06.14 08:27'),
	(156, '', 'Н/Д', '10.10.10.154', 'c84c7581e1005', 'host154', 'DHCP', '', 'Нет', 'Полный доступ', 'Резервирование (активное)'),
	(157, '', 'Н/Д', '10.10.10.155', 'c84c7581e1006', 'host155', 'Нет', '', 'Нет', 'Полный доступ', 'Резервирование (не активное)'),
	(158, '', 'Н/Д', '10.10.10.156', 'c84c7581e1007', 'host156', 'DHCP', '', 'Нет', 'Полный доступ', '03.06.14 08:45'),
	(159, '', 'Н/Д', '10.10.10.157', 'c84c7581e1008', 'host157', 'DHCP', '', 'Нет', 'Полный доступ', '31.05.14 11:09'),
	(160, '', 'Н/Д', '10.10.10.158', 'c84c7581e1009', 'host158', 'DHCP', '', 'Нет', 'Полный доступ', '03.06.14 09:02'),
	(161, '', 'Н/Д', '10.10.10.159', 'c84c7581e1010', 'host159', 'DHCP', '', 'Нет', 'Полный доступ', '03.06.14 08:40'),
	(162, '', 'Н/Д', '10.10.10.160', 'c84c7581e1011', 'host160', 'DHCP', '', 'Нет', 'Полный доступ', '03.06.14 08:32'),
	(163, '', 'Н/Д', '10.10.10.161', 'c84c7581e1012', 'host161', 'DHCP', '', 'Нет', 'Полный доступ', '31.05.14 11:27'),
	(164, '', 'Н/Д', '10.10.10.162', 'c84c7581e1013', 'host162', 'DHCP', '', 'Нет', 'Полный доступ', '28.05.14 08:24'),
	(165, '', 'Н/Д', '10.10.10.163', 'c84c7581e1014', 'host163', 'DHCP', '', 'Нет', 'Полный доступ', '03.06.14 08:09'),
	(166, '', 'Н/Д', '10.10.10.164', 'c84c7581e1015', 'host164', 'DHCP', '', 'Нет', 'Полный доступ', '03.06.14 08:34'),
	(167, '', 'Н/Д', '10.10.10.165', 'c84c7581e1016', 'host165', 'DHCP', '', 'Нет', 'Полный доступ', '03.06.14 08:33'),
	(168, '', 'Н/Д', '10.10.10.166', 'c84c7581e1017', 'host166', 'DHCP', '', 'Нет', 'Полный доступ', '03.06.14 09:02'),
	(169, '', 'Н/Д', '10.10.10.167', 'c84c7581e1018', 'host167', 'DHCP', '', 'Нет', 'Полный доступ', '03.06.14 08:24'),
	(170, '', 'Н/Д', '10.10.10.168', 'c84c7581e1019', 'host168', 'DHCP', '', 'Нет', 'Полный доступ', '26.05.14 09:30'),
	(171, '', 'Н/Д', '10.10.10.169', 'c84c7581e1020', 'host169', 'DHCP', '', 'Нет', 'Полный доступ', '03.06.14 08:38'),
	(172, '', 'Н/Д', '10.10.10.170', 'c84c7581e1021', 'host170', 'DHCP', '', 'Нет', 'Полный доступ', '28.05.14 08:04'),
	(173, '', 'Н/Д', '10.10.10.171', 'c84c7581e1022', 'host171', 'DHCP', '', 'Нет', 'Полный доступ', '27.05.14 10:34'),
	(174, '', 'Н/Д', '10.10.10.172', 'c84c7581e1023', 'host172', 'Нет', '', 'Нет', 'Полный доступ', 'Резервирование (не активное)'),
	(175, '', 'Н/Д', '10.10.10.173', 'c84c7581e1024', 'host173', 'DHCP', '', 'Нет', 'Полный доступ', '03.06.14 07:54'),
	(176, '', 'Н/Д', '10.10.10.174', 'c84c7581e1025', 'host174', 'DHCP', '', 'Нет', 'Полный доступ', '03.06.14 08:02'),
	(177, '', 'Н/Д', '10.10.10.175', 'c84c7581e1026', 'host175', 'DHCP', '', 'Нет', 'Полный доступ', '03.06.14 09:06'),
	(178, '', 'Н/Д', '10.10.10.176', 'c84c7581e1027', 'host176', 'DHCP', '', 'Нет', 'Полный доступ', '26.05.14 09:17'),
	(179, '', 'Н/Д', '10.10.10.177', 'c84c7581e940', 'host177', 'DHCP', '', 'Нет', 'Полный доступ', '30.05.14 10:00'),
	(180, '', 'Н/Д', '10.10.10.178', 'c84c7581e941', 'host178', 'Нет', '', 'Нет', 'Полный доступ', 'Резервирование (не активное)'),
	(181, '', 'Н/Д', '10.10.10.179', 'c84c7581e942', 'host179', 'DHCP', '', 'Нет', 'Полный доступ', '02.06.14 13:27'),
	(182, '', 'Н/Д', '10.10.10.180', 'c84c7581e943', 'host180', 'DHCP', '', 'Нет', 'Полный доступ', '01.06.14 07:37'),
	(183, '', 'Н/Д', '10.10.10.181', 'c84c7581e944', 'host181', 'DHCP', '', 'Нет', 'Полный доступ', '30.05.14 08:20'),
	(184, '', 'Н/Д', '10.10.10.182', 'c84c7581e945', 'host182', 'DHCP', '', 'Нет', 'Полный доступ', '03.06.14 07:57'),
	(185, '', 'Н/Д', '10.10.10.183', 'c84c7581e946', 'host183', 'DHCP', '', 'Нет', 'Полный доступ', '03.06.14 07:24'),
	(186, '', 'Н/Д', '10.10.10.184', 'c84c7581e947', 'host184', 'DHCP', '', 'Нет', 'Полный доступ', '31.05.14 13:32'),
	(187, '', 'Н/Д', '10.10.10.185', 'c84c7581e948', 'host185', 'DHCP', '', 'Нет', 'Полный доступ', '03.06.14 08:07'),
	(188, '', 'Н/Д', '10.10.10.186', 'c84c7581e949', 'host186', 'DHCP', '', 'Нет', 'Полный доступ', '03.06.14 08:50'),
	(189, '', 'Н/Д', '10.10.10.187', 'c84c7581e950', 'host187', 'DHCP', '', 'Нет', 'Полный доступ', '03.06.14 08:44'),
	(190, '', 'Н/Д', '10.10.10.188', 'c84c7581e951', 'host188', 'DHCP', '', 'Нет', 'Полный доступ', '03.06.14 08:19'),
	(191, '', 'Н/Д', '10.10.10.189', 'c84c7581e952', 'host189', 'DHCP', '', 'Нет', 'Полный доступ', '31.05.14 08:38'),
	(192, '', 'Н/Д', '10.10.10.190', 'c84c7581e953', 'host190', 'DHCP', '', 'Нет', 'Полный доступ', '03.06.14 08:17'),
	(193, '', 'Н/Д', '10.10.10.191', 'c84c7581e954', 'host191', 'DHCP', '', 'Нет', 'Полный доступ', '03.06.14 08:36'),
	(194, '', 'Н/Д', '10.10.10.192', 'c84c7581e955', 'host192', 'DHCP', '', 'Нет', 'Полный доступ', '31.05.14 09:50'),
	(195, '', 'Н/Д', '10.10.10.193', 'c84c7581e956', 'host193', 'DHCP', '', 'Нет', 'Полный доступ', '03.06.14 08:35'),
	(196, '', 'Н/Д', '10.10.10.194', 'c84c7581e957', 'host194', 'DHCP', '', 'Нет', 'Полный доступ', '29.05.14 08:50'),
	(197, '', 'Н/Д', '10.10.10.195', 'c84c7581e958', 'host195', 'DHCP', '', 'Нет', 'Полный доступ', '01.06.14 13:47'),
	(198, '', 'Н/Д', '10.10.10.196', 'c84c7581e959', 'host196', 'DHCP', '', 'Нет', 'Полный доступ', '03.06.14 08:08'),
	(199, '', 'Н/Д', '10.10.10.197', 'c84c7581e960', 'host197', 'DHCP', '', 'Нет', 'Полный доступ', '30.05.14 11:56'),
	(200, '', 'Н/Д', '10.10.10.198', 'c84c7581e961', 'host198', 'DHCP', '', 'Нет', 'Полный доступ', '03.06.14 09:05'),
	(201, '', 'Н/Д', '10.10.10.199', 'c84c7581e962', 'host199', 'DHCP', '', 'Нет', 'Полный доступ', '03.06.14 08:36'),
	(202, '', 'Н/Д', '10.10.10.200', 'c84c7581e963', 'host200', 'DHCP', '', 'Нет', 'Полный доступ', '26.05.14 09:17'),
	(203, '', 'Н/Д', '10.10.10.201', 'c84c7581e964', 'host201', 'DHCP', '', 'Нет', 'Полный доступ', '03.06.14 08:18'),
	(204, '', 'Н/Д', '10.10.10.202', 'c84c7581e965', 'host202', 'DHCP', '', 'Нет', 'Полный доступ', '31.05.14 07:28'),
	(205, '', 'Н/Д', '10.10.10.203', 'c84c7581e966', 'host203', 'DHCP', '', 'Нет', 'Полный доступ', 'Резервирование (активное)'),
	(206, '', 'Н/Д', '10.10.10.204', 'c84c7581e967', 'host204', 'DHCP', '', 'Нет', 'Полный доступ', '30.05.14 11:54'),
	(207, '', 'Н/Д', '10.10.10.205', 'c84c7581e968', 'host205', 'DHCP', '', 'Нет', 'Полный доступ', '03.06.14 09:07'),
	(208, '', 'Н/Д', '10.10.10.206', 'c84c7581e969', 'host206', 'DHCP', '', 'Нет', 'Полный доступ', '03.06.14 08:07'),
	(209, '', 'Н/Д', '10.10.10.207', 'c84c7581e970', 'host207', 'DHCP', '', 'Нет', 'Полный доступ', '03.06.14 08:25'),
	(210, '', 'Н/Д', '10.10.10.208', 'c84c7581e971', 'host208', 'DHCP', '', 'Нет', 'Полный доступ', '03.06.14 08:35'),
	(211, '', 'Н/Д', '10.10.10.209', 'c84c7581e972', 'host209', 'DHCP', '', 'Нет', 'Полный доступ', '03.06.14 08:09'),
	(212, '', 'Н/Д', '10.10.10.210', 'c84c7581e973', 'host210', 'DHCP', '', 'Нет', 'Полный доступ', '03.06.14 08:51'),
	(213, '', 'Н/Д', '10.10.10.211', 'c84c7581e974', 'host211', 'DHCP', '', 'Нет', 'Полный доступ', '31.05.14 15:27'),
	(214, '', 'Н/Д', '10.10.10.212', 'c84c7581e975', 'host212', 'DHCP', '', 'Нет', 'Полный доступ', '03.06.14 08:08'),
	(215, '', 'Н/Д', '10.10.10.213', 'c84c7581e976', 'host213', 'DHCP', '', 'Нет', 'Полный доступ', '03.06.14 09:08'),
	(216, '', 'Н/Д', '10.10.10.214', 'c84c7581e977', 'host214', 'DHCP', '', 'Нет', 'Полный доступ', '30.05.14 09:37'),
	(217, '', 'Н/Д', '10.10.10.215', 'c84c7581e978', 'host215', 'DHCP', '', 'Нет', 'Полный доступ', '03.06.14 07:59'),
	(218, '', 'Н/Д', '10.10.10.216', 'c84c7581e979', 'host216', 'Нет', '', 'Нет', 'Полный доступ', 'Резервирование (не активное)'),
	(219, '', 'Н/Д', '10.10.10.217', 'c84c7581e980', 'host217', 'Нет', '', 'Нет', 'Полный доступ', 'Резервирование (не активное)'),
	(220, '', 'Н/Д', '10.10.10.218', 'c84c7581e981', 'host218', 'Нет', '', 'Нет', 'Полный доступ', 'Резервирование (не активное)'),
	(221, '', 'Н/Д', '10.10.10.219', 'c84c7581e982', 'host219', 'Нет', '', 'Нет', 'Полный доступ', 'Резервирование (не активное)');
/*!40000 ALTER TABLE `dhcp_table` ENABLE KEYS */;

-- Дамп данных таблицы get_mac.mac_table: ~96 rows (приблизительно)
/*!40000 ALTER TABLE `mac_table` DISABLE KEYS */;
INSERT INTO `mac_table` (`id`, `Mac_Address`, `Switch_Address`, `Switch_Name`, `Switch_Port`, `Time_collection`) VALUES
	(14221, 'c84c7581e1004', '1.1.1.33', 'switchName', 'Eth24', '2008-01-15 17:02:00'),
	(14224, 'c84c7581e1005', '1.1.1.33', 'switchName', 'Eth24', '2008-01-15 17:02:00'),
	(14225, 'c84c7581e1006', '1.1.1.33', 'switchName', 'Eth24', '2008-01-15 17:02:00'),
	(14226, 'c84c7581e1007', '1.1.1.33', 'switchName', 'Eth24', '2008-01-15 17:02:00'),
	(14228, 'c84c7581e1008', '1.1.1.33', 'switchName', 'Eth24', '2008-01-15 17:02:00'),
	(14229, 'c84c7581e1009', '1.1.1.33', 'switchName', 'Eth24', '2008-01-15 17:02:00'),
	(14231, 'c84c7581e1010', '1.1.1.33', 'switchName', 'Eth24', '2008-01-15 17:02:00'),
	(14233, 'c84c7581e1012', '1.1.1.33', 'switchName', 'Eth24', '2008-01-15 17:02:00'),
	(14235, 'c84c7581e1013', '1.1.1.33', 'switchName', 'Eth24', '2008-01-15 17:02:00'),
	(14237, 'c84c7581e1014', '1.1.1.33', 'switchName', 'Eth24', '2008-01-15 17:02:00'),
	(14238, 'c84c7581e1015', '1.1.1.33', 'switchName', 'Eth24', '2008-01-15 17:02:00'),
	(14241, 'c84c7581e1016', '1.1.1.33', 'switchName', 'Eth24', '2008-01-15 17:02:00'),
	(14242, 'c84c7581e1017', '1.1.1.33', 'switchName', 'Eth24', '2008-01-15 17:02:00'),
	(14245, 'c84c7581e1018', '1.1.1.33', 'switchName', 'Eth24', '2008-01-15 17:02:00'),
	(14246, 'c84c7581e1019', '1.1.1.33', 'switchName', 'Eth24', '2008-01-15 17:02:00'),
	(14247, 'c84c7581e1021', '1.1.1.33', 'switchName', 'Fa0/24', '2008-01-15 17:02:00'),
	(14249, 'c84c7581e1022', '1.1.1.33', 'switchName', 'Fa0/24', '2008-01-15 17:02:00'),
	(14254, 'c84c7581e1023', '1.1.1.33', 'switchName', 'Fa0/24', '2008-01-15 17:02:00'),
	(14259, 'c84c7581e1024', '1.1.1.33', 'switchName', 'Fa0/24', '2008-01-15 17:02:00'),
	(14260, 'c84c7581e1025', '1.1.1.33', 'switchName', 'Fa0/24', '2008-01-15 17:02:00'),
	(14262, 'c84c7581e1026', '1.1.1.33', 'switchName', 'Fa0/24', '2008-01-15 17:02:00'),
	(14264, 'c84c7581e1027', '1.1.1.33', 'switchName', 'Fa0/24', '2008-01-15 17:02:00'),
	(14277, 'c84c7581e944', '1.1.1.6', 'switchName', 'Gi0/01', '2008-01-15 16:56:00'),
	(14279, 'c84c7581e990', '1.1.1.33', 'switchName', 'Fa0/24', '2008-01-15 16:56:00'),
	(14283, 'c84c7581e952', '1.1.1.14', 'switchName', 'Eth26', '2008-01-15 16:56:00'),
	(14284, 'c84c7581e953', '1.1.1.15', 'switchName', 'Eth26', '2008-01-15 16:56:00'),
	(14287, 'c84c7581e956', '1.1.1.18', 'switchName', 'Eth25', '2008-01-15 16:56:00'),
	(14288, 'c84c7581e957', '1.1.1.19', 'switchName', 'Eth26', '2008-01-15 16:57:00'),
	(14289, 'c84c7581e958', '1.1.1.20', 'switchName', 'Eth26', '2008-01-15 16:57:00'),
	(14290, 'c84c7581e961', '1.1.1.23', 'switchName', 'Eth26', '2008-01-15 16:57:00'),
	(14291, 'c84c7581e962', '1.1.1.24', 'switchName', 'Eth26', '2008-01-15 16:57:00'),
	(14294, 'c84c7581e963', '1.1.1.25', 'switchName', 'Eth26', '2008-01-15 16:57:00'),
	(14297, 'c84c7581e967', '1.1.1.29', 'switchName', 'Eth25', '2008-01-15 16:57:00'),
	(14299, 'c84c7581e968', '1.1.1.30', 'switchName', 'Eth25', '2008-01-15 16:57:00'),
	(14300, 'c84c7581e976', '1.1.1.33', 'switchName', 'Eth26', '2008-01-15 16:57:00'),
	(14304, 'c84c7581e979', '1.1.1.33', 'switchName', 'Eth25', '2008-01-15 16:58:00'),
	(14306, 'c84c7581e982', '1.1.1.33', 'switchName', 'Eth26', '2008-01-15 16:58:00'),
	(14309, 'c84c7581e985', '1.1.1.33', 'switchName', 'Eth26', '2008-01-15 16:58:00'),
	(14310, 'c84c7581e986', '1.1.1.33', 'switchName', 'Eth26', '2008-01-15 16:58:00'),
	(14323, 'c84c7581e994', '1.1.1.33', 'switchName', 'Gi0/01', '2008-01-15 17:01:00'),
	(14325, 'c84c7581e995', '1.1.1.33', 'switchName', 'Gi0/01', '2008-01-15 17:01:00'),
	(14327, 'c84c7581e996', '1.1.1.33', 'switchName', 'Gi0/01', '2008-01-15 17:01:00'),
	(14332, 'c84c7581e1000', '1.1.1.33', 'switchName', 'Fa0/48', '2008-01-15 17:01:00'),
	(14333, 'c84c7581e1001', '1.1.1.33', 'switchName', 'Fa0/48', '2008-01-15 17:01:00'),
	(14355, 'c84c7581e941', '1.1.1.3', 'switchName', 'Gi0/01', '2008-01-15 16:56:00'),
	(14356, 'c84c7581e942', '1.1.1.4', 'switchName', 'Gi0/01', '2008-01-15 16:56:00'),
	(14357, 'c84c7581e943', '1.1.1.5', 'switchName', 'Gi0/01', '2008-01-15 16:56:00'),
	(14358, 'c84c7581e987', '1.1.1.33', 'switchName', 'Fa0/24', '2008-01-15 16:56:00'),
	(14359, 'c84c7581e945', '1.1.1.7', 'switchName', 'Eth26', '2008-01-15 16:56:00'),
	(14361, 'c84c7581e946', '1.1.1.8', 'switchName', 'Eth26', '2008-01-15 16:56:00'),
	(14362, 'c84c7581e947', '1.1.1.9', 'switchName', 'Eth26', '2008-01-15 16:56:00'),
	(14364, 'c84c7581e948', '1.1.1.10', 'switchName', 'Eth26', '2008-01-15 16:56:00'),
	(14366, 'c84c7581e954', '1.1.1.16', 'switchName', 'Eth25', '2008-01-15 16:56:00'),
	(14367, 'c84c7581e955', '1.1.1.17', 'switchName', 'Eth25', '2008-01-15 16:56:00'),
	(14368, 'c84c7581e959', '1.1.1.21', 'switchName', 'Eth26', '2008-01-15 16:57:00'),
	(14370, 'c84c7581e964', '1.1.1.26', 'switchName', 'Eth25', '2008-01-15 16:57:00'),
	(14372, 'c84c7581e969', '1.1.1.31', 'switchName', 'Eth26', '2008-01-15 16:57:00'),
	(14373, 'c84c7581e970', '1.1.1.32', 'switchName', 'Eth26', '2008-01-15 16:57:00'),
	(14374, 'c84c7581e971', '1.1.1.33', 'switchName', 'Eth26', '2008-01-15 16:57:00'),
	(14375, 'c84c7581e972', '1.1.1.33', 'switchName', 'Eth26', '2008-01-15 16:57:00'),
	(14377, 'c84c7581e977', '1.1.1.33', 'switchName', 'Eth25', '2008-01-15 16:58:00'),
	(14379, 'c84c7581e980', '1.1.1.33', 'switchName', 'Eth26', '2008-01-15 16:58:00'),
	(14382, 'c84c7581e983', '1.1.1.33', 'switchName', 'Eth26', '2008-01-15 16:58:00'),
	(14388, 'c84c7581e991', '1.1.1.33', 'switchName', 'Gi0/02', '2008-01-15 16:58:00'),
	(14392, 'c84c7581e992', '1.1.1.33', 'switchName', 'Gi0/01', '2008-01-15 17:01:00'),
	(14395, 'c84c7581e997', '1.1.1.33', 'switchName', 'Fa0/48', '2008-01-15 17:01:00'),
	(14396, 'c84c7581e998', '1.1.1.33', 'switchName', 'Fa0/48', '2008-01-15 17:01:00'),
	(14397, 'c84c7581e999', '1.1.1.33', 'switchName', 'Fa0/48', '2008-01-15 17:01:00'),
	(14399, 'c84c7581e1002', '1.1.1.33', 'switchName', 'Eth24', '2008-01-15 17:02:00'),
	(14400, 'c84c7581e1003', '1.1.1.33', 'switchName', 'Eth24', '2008-01-15 17:02:00'),
	(14402, 'c84c7581e1011', '1.1.1.33', 'switchName', 'Eth24', '2008-01-15 17:02:00'),
	(14403, 'c84c7581e1020', '1.1.1.33', 'switchName', 'Fa0/24', '2008-01-15 17:02:00'),
	(14411, 'c84c7581e988', '1.1.1.33', 'switchName', 'Fa0/24', '2008-01-15 16:56:00'),
	(14412, 'c84c7581e989', '1.1.1.33', 'switchName', 'Fa0/24', '2008-01-15 16:56:00'),
	(14413, 'c84c7581e949', '1.1.1.11', 'switchName', 'Eth26', '2008-01-15 16:56:00'),
	(14414, 'c84c7581e950', '1.1.1.12', 'switchName', 'Eth26', '2008-01-15 16:56:00'),
	(14415, 'c84c7581e951', '1.1.1.13', 'switchName', 'Eth26', '2008-01-15 16:56:00'),
	(14416, 'c84c7581e960', '1.1.1.22', 'switchName', 'Eth26', '2008-01-15 16:57:00'),
	(14417, 'c84c7581e965', '1.1.1.27', 'switchName', 'Eth25', '2008-01-15 16:57:00'),
	(14418, 'c84c7581e966', '1.1.1.28', 'switchName', 'Eth25', '2008-01-15 16:57:00'),
	(14419, 'c84c7581e973', '1.1.1.33', 'switchName', 'Eth26', '2008-01-15 16:57:00'),
	(14420, 'c84c7581e974', '1.1.1.33', 'switchName', 'Eth26', '2008-01-15 16:57:00'),
	(14421, 'c84c7581e975', '1.1.1.33', 'switchName', 'Eth26', '2008-01-15 16:57:00'),
	(14422, 'c84c7581e978', '1.1.1.33', 'switchName', 'Eth25', '2008-01-15 16:58:00'),
	(14423, 'c84c7581e981', '1.1.1.33', 'switchName', 'Eth26', '2008-01-15 16:58:00'),
	(14424, 'c84c7581e984', '1.1.1.33', 'switchName', 'Eth26', '2008-01-15 16:58:00'),
	(14425, 'c84c7581e993', '1.1.1.33', 'switchName', 'Gi0/01', '2008-01-15 17:01:00'),
	(14426, '0013d3ac8c82', '1.1.1.1', 'switchName', 'Gi1/0/05', '2015-11-21 17:44:09'),
	(14434, '0013d3ac8c82', '1.1.1.1', 'switchName', 'Gi1/0/06', '2021-11-15 21:03:00'),
	(14435, '00138fc4da03', '1.1.1.1', 'switchName', 'Gi0/02', '2021-11-15 20:50:00'),
	(14450, '002545af648e', '1.1.1.2', 'switchName', 'Gi0/04', '2021-11-15 21:32:00'),
	(14451, '002545af6492', '1.1.1.2', 'switchName', 'Gi0/04', '2021-11-15 21:32:00'),
	(14452, '002545af6580', '1.1.1.2', 'switchName', 'Fa0/47', '2021-11-15 21:32:00'),
	(14453, '002545af692a', '1.1.1.2', 'switchName', 'Gi0/04', '2021-11-15 21:32:00'),
	(14454, '5475d07fb4c0', '1.1.1.2', 'switchName', 'Gi0/04', '2021-11-15 21:32:00'),
	(14455, 'c84c7581e940', '1.1.1.2', 'switchName', 'Gi0/04', '2021-11-15 21:32:00');
/*!40000 ALTER TABLE `mac_table` ENABLE KEYS */;

-- Дамп данных таблицы get_mac.users: ~2 rows (приблизительно)
/*!40000 ALTER TABLE `users` DISABLE KEYS */;
INSERT INTO `users` (`username`, `password`, `enabled`) VALUES
	('admin', '1', 1),
	('operator', '1', 1),
	('user', '1', 1);
/*!40000 ALTER TABLE `users` ENABLE KEYS */;

-- Дамп данных таблицы get_mac.user_roles: ~3 rows (приблизительно)
/*!40000 ALTER TABLE `user_roles` DISABLE KEYS */;
INSERT INTO `user_roles` (`user_role_id`, `username`, `role`) VALUES
	(1, 'admin', 'ROLE_ADMIN'),
	(3, 'operator', 'ROLE_OPERATOR'),
	(2, 'user', 'ROLE_USER');
/*!40000 ALTER TABLE `user_roles` ENABLE KEYS */;
/*!40101 SET SQL_MODE=IFNULL(@OLD_SQL_MODE, '') */;
/*!40014 SET FOREIGN_KEY_CHECKS=IF(@OLD_FOREIGN_KEY_CHECKS IS NULL, 1, @OLD_FOREIGN_KEY_CHECKS) */;
/*!40101 SET CHARACTER_SET_CLIENT=@OLD_CHARACTER_SET_CLIENT */;
